k,E,E_std,n_modos
4.000000e+00,2.553652e-01,3.720267e-04,
8.000000e+00,7.054109e-02,3.378648e-05,
1.200000e+01,3.729132e-02,4.485552e-05,
1.600000e+01,2.783023e-02,2.543917e-05,
2.000000e+01,2.037542e-02,7.167187e-05,
2.400000e+01,1.328226e-02,2.110938e-05,
2.800000e+01,1.019700e-02,2.966011e-05,
3.200000e+01,8.212914e-03,1.856079e-05,
3.600000e+01,8.298537e-03,3.472227e-06,
4.000000e+01,6.092534e-03,1.591899e-05,
4.400000e+01,5.079136e-03,3.288333e-05,
4.800000e+01,4.502581e-03,4.111781e-06,
5.200000e+01,3.892895e-03,2.803801e-05,
5.600000e+01,3.398789e-03,1.900856e-05,
6.000000e+01,2.867968e-03,7.750547e-06,
6.400000e+01,2.701800e-03,4.499878e-06,
6.800000e+01,2.337957e-03,3.918808e-06,
7.200000e+01,2.065106e-03,1.424824e-06,
7.600000e+01,1.782629e-03,1.005090e-06,
8.000000e+01,1.648987e-03,1.090788e-05,
8.400000e+01,1.495364e-03,6.370010e-06,
8.800000e+01,1.321540e-03,5.203350e-06,
9.200000e+01,1.185226e-03,1.164164e-06,
9.600000e+01,1.063579e-03,5.961844e-06,
1.000000e+02,9.699397e-04,5.773263e-06,
1.040000e+02,8.779170e-04,2.135679e-06,
1.080000e+02,7.834427e-04,2.542351e-06,
1.120000e+02,7.230716e-04,1.805828e-06,
1.160000e+02,6.605861e-04,1.885162e-07,
1.200000e+02,5.931689e-04,1.435997e-06,
1.240000e+02,5.507643e-04,8.302522e-07,
1.280000e+02,4.970271e-04,5.802795e-07,
1.320000e+02,4.688370e-04,4.571127e-07,
1.360000e+02,4.297184e-04,1.725130e-06,
1.400000e+02,3.874300e-04,7.651162e-07,
1.440000e+02,3.640170e-04,8.659687e-07,
1.480000e+02,3.355662e-04,3.812332e-07,
1.520000e+02,3.122102e-04,6.402886e-07,
1.560000e+02,2.860453e-04,1.151669e-06,
1.600000e+02,2.699675e-04,1.734149e-07,
1.640000e+02,2.517025e-04,1.277709e-07,
1.680000e+02,2.341469e-04,6.166850e-07,
1.720000e+02,2.187762e-04,3.597037e-07,
1.760000e+02,2.039787e-04,5.634430e-07,
1.800000e+02,1.940005e-04,3.308279e-07,
1.840000e+02,1.793272e-04,2.233124e-07,
1.880000e+02,1.698189e-04,2.442417e-07,
1.920000e+02,1.602438e-04,1.793096e-07,
1.960000e+02,1.510975e-04,2.649116e-07,
2.000000e+02,1.427946e-04,4.982762e-07,
2.040000e+02,1.340452e-04,1.247733e-07,
2.080000e+02,1.282568e-04,5.769526e-07,
2.120000e+02,1.214791e-04,4.035054e-07,
2.160000e+02,1.151847e-04,4.746102e-07,
2.200000e+02,1.091224e-04,2.144090e-07,
2.240000e+02,1.044665e-04,6.087042e-08,
2.280000e+02,9.994187e-05,3.560685e-07,
2.320000e+02,9.547733e-05,3.095573e-07,
2.360000e+02,9.111933e-05,1.644183e-07,
2.400000e+02,8.776281e-05,1.014550e-07,
2.440000e+02,8.387794e-05,9.749755e-08,
2.480000e+02,8.075765e-05,4.529812e-08,
2.520000e+02,7.686875e-05,1.216765e-07,
2.560000e+02,7.481958e-05,1.414363e-07,
2.600000e+02,7.261549e-05,5.140707e-08,
2.640000e+02,6.939285e-05,1.191035e-07,
2.680000e+02,6.709360e-05,1.085819e-07,
2.720000e+02,6.483758e-05,5.788497e-08,
2.760000e+02,6.277107e-05,5.456465e-08,
2.800000e+02,6.063456e-05,7.452550e-08,
2.840000e+02,5.880142e-05,1.001546e-07,
2.880000e+02,5.727772e-05,1.981357e-07,
2.920000e+02,5.548701e-05,7.345929e-08,
2.960000e+02,5.423110e-05,6.444192e-08,
3.000000e+02,5.238996e-05,1.125911e-07,
3.040000e+02,5.103191e-05,7.642535e-08,
3.080000e+02,4.989219e-05,5.944634e-08,
3.120000e+02,4.851771e-05,7.183687e-08,
3.160000e+02,4.739736e-05,4.469715e-08,
3.200000e+02,4.632073e-05,6.135096e-08,
3.240000e+02,4.548828e-05,5.919411e-08,
3.280000e+02,4.440355e-05,3.612196e-08,
3.320000e+02,4.340827e-05,9.328505e-08,
3.360000e+02,4.249426e-05,7.660179e-08,
3.400000e+02,4.185702e-05,4.049049e-08,
3.440000e+02,4.089512e-05,2.516763e-08,
3.480000e+02,4.014863e-05,3.082018e-08,
3.520000e+02,3.943450e-05,3.615496e-08,
3.560000e+02,3.884163e-05,3.465315e-08,
3.600000e+02,3.817758e-05,3.981296e-08,
3.640000e+02,3.750095e-05,2.639471e-08,
3.680000e+02,3.698551e-05,5.266095e-08,
3.720000e+02,3.639005e-05,6.968072e-08,
3.760000e+02,3.592328e-05,1.236369e-08,
3.800000e+02,3.535766e-05,1.195959e-08,
3.840000e+02,3.490427e-05,1.917222e-08,
3.880000e+02,3.456892e-05,2.755296e-08,
3.920000e+02,3.416837e-05,2.176215e-08,
3.960000e+02,3.363456e-05,2.232854e-08,
4.000000e+02,3.334279e-05,4.854610e-08,
4.040000e+02,3.297773e-05,3.649370e-08,
4.080000e+02,3.262342e-05,2.523049e-08,
4.120000e+02,3.231737e-05,3.179573e-08,
4.160000e+02,3.201273e-05,1.637386e-08,
4.200000e+02,3.174388e-05,2.126464e-08,
4.240000e+02,3.147380e-05,3.282455e-08,
4.280000e+02,3.121307e-05,2.174861e-08,
4.320000e+02,3.099745e-05,2.620668e-08,
4.360000e+02,3.085290e-05,2.628288e-08,
4.400000e+02,3.059387e-05,2.134701e-08,
4.440000e+02,3.041055e-05,1.965126e-08,
4.480000e+02,3.027853e-05,3.934606e-08,
4.520000e+02,3.018226e-05,2.372428e-08,
4.560000e+02,3.005077e-05,3.273220e-08,
4.600000e+02,2.994281e-05,2.506620e-08,
4.640000e+02,2.992893e-05,3.489109e-08,
4.680000e+02,2.990591e-05,3.375793e-08,
4.720000e+02,2.986651e-05,2.398082e-08,
4.760000e+02,2.989071e-05,3.554241e-08,
4.800000e+02,2.994003e-05,1.284911e-08,
4.840000e+02,2.891882e-05,1.965891e-08,
4.880000e+02,2.839534e-05,1.781522e-08,
4.920000e+02,2.825865e-05,1.924224e-08,
4.960000e+02,2.820232e-05,1.875985e-08,
5.000000e+02,2.819106e-05,1.897377e-08,
5.040000e+02,2.813293e-05,1.953437e-08,
5.080000e+02,2.811612e-05,1.991713e-08,
5.120000e+02,1.474261e-05,1.428536e-08,
5.160000e+02,9.773723e-07,6.658976e-09,
5.200000e+02,4.658703e-07,1.326179e-09,
5.240000e+02,3.135025e-07,8.333111e-10,
5.280000e+02,2.373741e-07,8.568537e-10,
5.320000e+02,1.893467e-07,7.060406e-10,
5.360000e+02,1.553856e-07,6.786449e-10,
5.400000e+02,1.279141e-07,6.482761e-10,
5.440000e+02,1.173196e-07,6.505589e-10,
5.480000e+02,1.021306e-07,4.867267e-10,
5.520000e+02,8.763863e-08,3.155084e-10,
5.560000e+02,7.995910e-08,3.609571e-10,
5.600000e+02,7.744291e-08,3.953229e-10,
5.640000e+02,6.740991e-08,2.960119e-10,
5.680000e+02,6.072827e-08,2.597084e-10,
5.720000e+02,5.574864e-08,2.050704e-10,
5.760000e+02,5.419591e-08,2.258782e-10,
5.800000e+02,4.950748e-08,2.035056e-10,
5.840000e+02,4.766726e-08,2.420842e-10,
5.880000e+02,4.129867e-08,1.954293e-10,
5.920000e+02,3.867906e-08,2.144363e-10,
5.960000e+02,3.925452e-08,2.197908e-10,
6.000000e+02,3.391433e-08,1.818459e-10,
6.040000e+02,3.470193e-08,2.134295e-10,
6.080000e+02,2.887545e-08,1.581853e-10,
6.120000e+02,2.955804e-08,1.702286e-10,
6.160000e+02,2.749863e-08,1.650240e-10,
6.200000e+02,2.438650e-08,1.500297e-10,
6.240000e+02,2.581867e-08,1.526157e-10,
6.280000e+02,2.164420e-08,1.166421e-10,
6.320000e+02,2.124741e-08,1.198858e-10,
6.360000e+02,2.011906e-08,1.132414e-10,
6.400000e+02,1.679174e-08,8.446943e-11,
6.440000e+02,1.925677e-08,9.966834e-11,
6.480000e+02,1.536802e-08,8.205992e-11,
6.520000e+02,1.558243e-08,8.045560e-11,
6.560000e+02,1.380193e-08,6.104205e-11,
6.600000e+02,1.292876e-08,7.360754e-11,
6.640000e+02,1.237056e-08,4.633426e-11,
6.680000e+02,1.033047e-08,4.699020e-11,
6.720000e+02,1.109166e-08,4.983501e-11,
6.760000e+02,9.090802e-09,4.006947e-11,
6.800000e+02,8.633781e-09,4.769873e-11,
6.840000e+02,7.884603e-09,3.311692e-11,
6.880000e+02,5.009753e-09,2.324940e-11,
6.920000e+02,8.052943e-09,3.627539e-11,
6.960000e+02,3.844133e-09,1.894828e-11,
7.000000e+02,5.826554e-09,2.978468e-11,
7.040000e+02,2.751345e-09,1.229788e-11,
7.080000e+02,3.223037e-09,2.148270e-11,
7.120000e+02,2.178137e-09,8.709864e-12,
7.160000e+02,1.173263e-09,7.017478e-12,
7.200000e+02,1.113864e-09,6.139410e-12,
7.240000e+02,1.928919e-10,2.301445e-12,
7.280000e+02,7.380618e-11,1.586657e-12,
7.320000e+02,5.903103e-11,1.448009e-12,
7.360000e+02,5.128831e-11,1.186016e-12,
7.400000e+02,4.431547e-11,1.056356e-12,
7.440000e+02,3.898029e-11,9.942759e-13,
7.480000e+02,3.501205e-11,8.912989e-13,
7.520000e+02,3.105908e-11,8.363138e-13,
7.560000e+02,2.816597e-11,7.120963e-13,
7.600000e+02,2.496508e-11,6.914630e-13,
7.640000e+02,2.288021e-11,5.694485e-13,
7.680000e+02,2.052415e-11,5.786326e-13,
7.720000e+02,1.847378e-11,4.766421e-13,
7.760000e+02,1.673902e-11,4.650198e-13,
7.800000e+02,1.499949e-11,4.144147e-13,
7.840000e+02,1.375844e-11,3.773296e-13,
7.880000e+02,1.200171e-11,3.236427e-13,
7.920000e+02,1.084444e-11,2.699291e-13,
7.960000e+02,9.979915e-12,2.687519e-13,
8.000000e+02,8.609515e-12,2.149209e-13,
8.040000e+02,7.592759e-12,1.853699e-13,
8.080000e+02,7.130466e-12,1.815301e-13,
8.120000e+02,6.001746e-12,1.420854e-13,
8.160000e+02,5.257400e-12,1.237572e-13,
8.200000e+02,4.571932e-12,1.138167e-13,
8.240000e+02,4.342581e-12,1.034521e-13,
8.280000e+02,3.504307e-12,8.659337e-14,
8.320000e+02,2.748937e-12,6.637744e-14,
8.360000e+02,2.568358e-12,6.441708e-14,
8.400000e+02,2.310283e-12,5.961378e-14,
8.440000e+02,1.825659e-12,4.364325e-14,
8.480000e+02,1.140233e-12,3.116320e-14,
8.520000e+02,1.179936e-12,2.959868e-14,
8.560000e+02,1.003007e-12,2.571116e-14,
8.600000e+02,7.219634e-13,1.960463e-14,
8.640000e+02,2.774877e-13,7.699453e-15,
8.680000e+02,3.964387e-13,1.111270e-14,
8.720000e+02,2.329587e-13,6.492461e-15,
8.760000e+02,1.135626e-13,3.139151e-15,
8.800000e+02,2.566183e-14,7.059893e-16,
8.840000e+02,1.619988e-14,4.468485e-16,
8.880000e+02,6.749028e-16,1.858482e-17,
