k,E,E_sem,k_eta
4.000000e+00,1.681779e-01,1.468347e-02,0.0115
8.000000e+00,7.157929e-02,2.952920e-03,0.0230
1.200000e+01,2.944382e-02,1.126498e-03,0.0344
1.600000e+01,2.354870e-02,9.040906e-04,0.0459
2.000000e+01,1.682556e-02,5.563636e-04,0.0574
2.400000e+01,1.115587e-02,3.463987e-04,0.0689
2.800000e+01,8.839824e-03,2.058227e-04,0.0804
3.200000e+01,7.434992e-03,2.090849e-04,0.0918
3.600000e+01,6.931988e-03,1.904606e-04,0.1033
4.000000e+01,5.236401e-03,7.151291e-05,0.1148
4.400000e+01,4.407854e-03,9.346987e-05,0.1263
4.800000e+01,3.974508e-03,5.845459e-05,0.1378
5.200000e+01,3.539201e-03,4.387087e-05,0.1492
5.600000e+01,3.032255e-03,3.206066e-05,0.1607
6.000000e+01,2.514954e-03,4.664347e-05,0.1722
6.400000e+01,2.395894e-03,5.216387e-05,0.1837
6.800000e+01,2.106983e-03,3.461702e-05,0.1952
7.200000e+01,1.849802e-03,3.480019e-05,0.2066
7.600000e+01,1.565255e-03,2.590827e-05,0.2181
8.000000e+01,1.452139e-03,2.130632e-05,0.2296
8.400000e+01,1.320206e-03,1.880264e-05,0.2411
8.800000e+01,1.140425e-03,2.283643e-05,0.2526
9.200000e+01,1.032834e-03,2.063382e-05,0.2640
9.600000e+01,9.338933e-04,2.095957e-05,0.2755
1.000000e+02,8.662611e-04,1.756176e-05,0.2870
1.040000e+02,7.753097e-04,1.621949e-05,0.2985
1.080000e+02,6.881083e-04,1.624753e-05,0.3100
1.120000e+02,6.340456e-04,1.284118e-05,0.3214
1.160000e+02,5.729351e-04,1.200815e-05,0.3329
1.200000e+02,5.215729e-04,1.110393e-05,0.3444
1.240000e+02,4.795166e-04,1.056182e-05,0.3559
1.280000e+02,4.340081e-04,9.895405e-06,0.3674
1.320000e+02,4.049227e-04,9.213527e-06,0.3788
1.360000e+02,3.750054e-04,8.251725e-06,0.3903
1.400000e+02,3.371532e-04,8.485511e-06,0.4018
1.440000e+02,3.159869e-04,7.633111e-06,0.4133
1.480000e+02,2.898740e-04,6.897019e-06,0.4248
1.520000e+02,2.686927e-04,6.528602e-06,0.4362
1.560000e+02,2.450804e-04,6.302535e-06,0.4477
1.600000e+02,2.328041e-04,6.015668e-06,0.4592
1.640000e+02,2.176619e-04,5.445976e-06,0.4707
1.680000e+02,1.998032e-04,4.891485e-06,0.4822
1.720000e+02,1.887746e-04,5.074065e-06,0.4936
1.760000e+02,1.741051e-04,4.617845e-06,0.5051
1.800000e+02,1.661322e-04,4.545137e-06,0.5166
1.840000e+02,1.526004e-04,4.283505e-06,0.5281
1.880000e+02,1.440865e-04,3.931516e-06,0.5396
1.920000e+02,1.368628e-04,4.035355e-06,0.5510
1.960000e+02,1.294992e-04,3.841224e-06,0.5625
2.000000e+02,1.224086e-04,3.744680e-06,0.5740
2.040000e+02,1.142226e-04,3.559646e-06,0.5855
2.080000e+02,1.092292e-04,3.259802e-06,0.5970
2.120000e+02,1.036431e-04,3.132229e-06,0.6084
2.160000e+02,9.803821e-05,3.068838e-06,0.6199
2.200000e+02,9.299470e-05,2.964142e-06,0.6314
2.240000e+02,8.894939e-05,2.833524e-06,0.6429
2.280000e+02,8.547007e-05,2.739237e-06,0.6544
2.320000e+02,8.095631e-05,2.591525e-06,0.6658
2.360000e+02,7.752130e-05,2.563532e-06,0.6773
2.400000e+02,7.437975e-05,2.477211e-06,0.6888
2.440000e+02,7.113954e-05,2.444778e-06,0.7003
2.480000e+02,6.845987e-05,2.290786e-06,0.7118
2.520000e+02,6.525074e-05,2.270102e-06,0.7232
2.560000e+02,6.326174e-05,2.214861e-06,0.7347
2.600000e+02,6.131495e-05,2.135521e-06,0.7462
2.640000e+02,5.869044e-05,2.067526e-06,0.7577
2.680000e+02,5.687997e-05,2.043729e-06,0.7692
2.720000e+02,5.478173e-05,1.998589e-06,0.7806
2.760000e+02,5.320724e-05,1.910025e-06,0.7921
2.800000e+02,5.126036e-05,1.871128e-06,0.8036
2.840000e+02,4.966654e-05,1.842918e-06,0.8151
2.880000e+02,4.849487e-05,1.811390e-06,0.8266
2.920000e+02,4.693427e-05,1.774086e-06,0.8380
2.960000e+02,4.582312e-05,1.735770e-06,0.8495
3.000000e+02,4.436626e-05,1.679295e-06,0.8610
3.040000e+02,4.329769e-05,1.661773e-06,0.8725
3.080000e+02,4.221167e-05,1.626136e-06,0.8840
3.120000e+02,4.107103e-05,1.603896e-06,0.8954
3.160000e+02,4.022437e-05,1.572830e-06,0.9069
3.200000e+02,3.931792e-05,1.547577e-06,0.9184
3.240000e+02,3.851794e-05,1.504876e-06,0.9299
3.280000e+02,3.767041e-05,1.483282e-06,0.9414
3.320000e+02,3.679868e-05,1.468742e-06,0.9528
3.360000e+02,3.609043e-05,1.444137e-06,0.9643
3.400000e+02,3.551836e-05,1.412249e-06,0.9758
3.440000e+02,3.473447e-05,1.389248e-06,0.9873
3.480000e+02,3.408046e-05,1.377608e-06,0.9988
3.520000e+02,3.351924e-05,1.359211e-06,1.0102
3.560000e+02,3.302325e-05,1.338685e-06,1.0217
3.600000e+02,3.249848e-05,1.324450e-06,1.0332
3.640000e+02,3.191987e-05,1.300543e-06,1.0447
3.680000e+02,3.144073e-05,1.286060e-06,1.0562
3.720000e+02,3.099481e-05,1.279879e-06,1.0676
3.760000e+02,3.056632e-05,1.255528e-06,1.0791
3.800000e+02,3.013702e-05,1.253301e-06,1.0906
3.840000e+02,2.979262e-05,1.228802e-06,1.1021
3.880000e+02,2.949001e-05,1.221463e-06,1.1136
3.920000e+02,2.914688e-05,1.207222e-06,1.1250
3.960000e+02,2.871721e-05,1.193246e-06,1.1365
4.000000e+02,2.849022e-05,1.185601e-06,1.1480
4.040000e+02,2.817752e-05,1.175083e-06,1.1595
4.080000e+02,2.791371e-05,1.164181e-06,1.1710
4.120000e+02,2.762609e-05,1.152522e-06,1.1824
4.160000e+02,2.735845e-05,1.144990e-06,1.1939
4.200000e+02,2.718612e-05,1.132126e-06,1.2054
4.240000e+02,2.694599e-05,1.126169e-06,1.2169
4.280000e+02,2.674602e-05,1.117545e-06,1.2284
4.320000e+02,2.656527e-05,1.113088e-06,1.2398
4.360000e+02,2.643800e-05,1.104487e-06,1.2513
4.400000e+02,2.623364e-05,1.094239e-06,1.2628
4.440000e+02,2.608939e-05,1.090340e-06,1.2743
4.480000e+02,2.598515e-05,1.079011e-06,1.2858
4.520000e+02,2.589587e-05,1.076988e-06,1.2972
4.560000e+02,2.580554e-05,1.078902e-06,1.3087
4.600000e+02,2.571012e-05,1.067910e-06,1.3202
4.640000e+02,2.570468e-05,1.063600e-06,1.3317
4.680000e+02,2.567573e-05,1.064515e-06,1.3432
4.720000e+02,2.565931e-05,1.066871e-06,1.3546
4.760000e+02,2.570583e-05,1.061068e-06,1.3661
4.800000e+02,2.582151e-05,1.064446e-06,1.3776
4.840000e+02,2.503430e-05,1.054315e-06,1.3891
4.880000e+02,2.456655e-05,1.045626e-06,1.4006
4.920000e+02,2.446664e-05,1.042403e-06,1.4120
4.960000e+02,2.442299e-05,1.039103e-06,1.4235
5.000000e+02,2.443980e-05,1.040387e-06,1.4350
5.040000e+02,2.438867e-05,1.036405e-06,1.4465
5.080000e+02,2.438128e-05,1.036626e-06,1.4580
5.120000e+02,1.309393e-05,5.108054e-07,1.4694
5.160000e+02,1.459420e-06,4.056513e-08,1.4809
5.200000e+02,9.874642e-07,3.954050e-08,1.4924
5.240000e+02,8.315733e-07,3.959714e-08,1.5039
5.280000e+02,7.658353e-07,4.093972e-08,1.5154
5.320000e+02,7.094608e-07,4.068954e-08,1.5268
5.360000e+02,6.774243e-07,4.033402e-08,1.5383
5.400000e+02,6.398760e-07,3.931565e-08,1.5498
5.440000e+02,6.325626e-07,4.013859e-08,1.5613
5.480000e+02,6.138049e-07,3.997755e-08,1.5728
5.520000e+02,5.902666e-07,3.901739e-08,1.5842
5.560000e+02,5.752156e-07,3.858961e-08,1.5957
5.600000e+02,5.723861e-07,3.865621e-08,1.6072
5.640000e+02,5.554359e-07,3.790400e-08,1.6187
5.680000e+02,5.431651e-07,3.761830e-08,1.6302
5.720000e+02,5.293455e-07,3.646450e-08,1.6416
5.760000e+02,5.243602e-07,3.613700e-08,1.6531
5.800000e+02,5.137370e-07,3.582711e-08,1.6646
5.840000e+02,5.062992e-07,3.567889e-08,1.6761
5.880000e+02,4.928437e-07,3.499885e-08,1.6876
5.920000e+02,4.834859e-07,3.450904e-08,1.6990
5.960000e+02,4.786434e-07,3.423080e-08,1.7105
6.000000e+02,4.638774e-07,3.344128e-08,1.7220
6.040000e+02,4.552370e-07,3.260028e-08,1.7335
6.080000e+02,4.444671e-07,3.221865e-08,1.7450
6.120000e+02,4.366576e-07,3.143201e-08,1.7564
6.160000e+02,4.293715e-07,3.113382e-08,1.7679
6.200000e+02,4.125995e-07,2.997834e-08,1.7794
6.240000e+02,4.112550e-07,2.982440e-08,1.7909
6.280000e+02,3.981804e-07,2.920989e-08,1.8024
6.320000e+02,3.858632e-07,2.803803e-08,1.8138
6.360000e+02,3.778703e-07,2.755999e-08,1.8253
6.400000e+02,3.672314e-07,2.710888e-08,1.8368
6.440000e+02,3.642856e-07,2.643450e-08,1.8483
6.480000e+02,3.470667e-07,2.559652e-08,1.8598
6.520000e+02,3.399649e-07,2.516375e-08,1.8712
6.560000e+02,3.273571e-07,2.432716e-08,1.8827
6.600000e+02,3.199957e-07,2.366912e-08,1.8942
6.640000e+02,3.068729e-07,2.262820e-08,1.9057
6.680000e+02,2.957043e-07,2.206447e-08,1.9172
6.720000e+02,2.880164e-07,2.133579e-08,1.9286
6.760000e+02,2.760727e-07,2.057858e-08,1.9401
6.800000e+02,2.658752e-07,1.986491e-08,1.9516
6.840000e+02,2.531175e-07,1.884178e-08,1.9631
6.880000e+02,2.392427e-07,1.798006e-08,1.9746
6.920000e+02,2.361487e-07,1.751372e-08,1.9860
6.960000e+02,2.176249e-07,1.638519e-08,1.9975
7.000000e+02,2.083566e-07,1.572332e-08,2.0090
7.040000e+02,1.963259e-07,1.487452e-08,2.0205
7.080000e+02,1.855037e-07,1.391777e-08,2.0320
7.120000e+02,1.732966e-07,1.316483e-08,2.0434
7.160000e+02,1.599872e-07,1.194915e-08,2.0549
7.200000e+02,1.502478e-07,1.149237e-08,2.0664
7.240000e+02,1.373439e-07,1.039634e-08,2.0779
7.280000e+02,1.261032e-07,9.564892e-09,2.0894
7.320000e+02,1.174207e-07,9.220290e-09,2.1008
7.360000e+02,1.101880e-07,8.475758e-09,2.1123
7.400000e+02,1.026601e-07,7.878538e-09,2.1238
7.440000e+02,9.440677e-08,7.200144e-09,2.1353
7.480000e+02,8.951818e-08,6.862601e-09,2.1468
7.520000e+02,8.141719e-08,6.232291e-09,2.1582
7.560000e+02,7.692115e-08,5.894849e-09,2.1697
7.600000e+02,7.037247e-08,5.342613e-09,2.1812
7.640000e+02,6.653769e-08,5.067558e-09,2.1927
7.680000e+02,6.103107e-08,4.650294e-09,2.2042
7.720000e+02,5.620804e-08,4.326846e-09,2.2156
7.760000e+02,5.233303e-08,4.021750e-09,2.2271
7.800000e+02,4.757992e-08,3.656513e-09,2.2386
7.840000e+02,4.443427e-08,3.324453e-09,2.2501
7.880000e+02,3.979778e-08,3.023167e-09,2.2616
7.920000e+02,3.656527e-08,2.863932e-09,2.2730
7.960000e+02,3.414567e-08,2.636573e-09,2.2845
8.000000e+02,2.986595e-08,2.267687e-09,2.2960
8.040000e+02,2.681564e-08,2.112354e-09,2.3075
8.080000e+02,2.550194e-08,2.004977e-09,2.3190
8.120000e+02,2.175001e-08,1.651049e-09,2.3304
8.160000e+02,1.923632e-08,1.470503e-09,2.3419
8.200000e+02,1.693373e-08,1.281020e-09,2.3534
8.240000e+02,1.631560e-08,1.215387e-09,2.3649
8.280000e+02,1.332260e-08,9.475892e-10,2.3764
8.320000e+02,1.049043e-08,8.087149e-10,2.3878
8.360000e+02,9.951793e-09,7.605873e-10,2.3993
8.400000e+02,9.015356e-09,6.654639e-10,2.4108
8.440000e+02,7.167944e-09,5.645193e-10,2.4223
8.480000e+02,4.456129e-09,3.543998e-10,2.4338
8.520000e+02,4.659847e-09,3.699942e-10,2.4452
8.560000e+02,4.025264e-09,3.096132e-10,2.4567
8.600000e+02,2.865207e-09,2.167905e-10,2.4682
8.640000e+02,1.108902e-09,9.325170e-11,2.4797
8.680000e+02,1.609831e-09,1.406340e-10,2.4912
8.720000e+02,9.358619e-10,7.608590e-11,2.5026
8.760000e+02,4.401198e-10,2.548985e-11,2.5141
8.800000e+02,9.623584e-11,9.230491e-12,2.5256
8.840000e+02,6.410952e-11,6.073451e-12,2.5371
8.880000e+02,4.339007e-12,1.418472e-12,2.5486
