caso,metodo,k_low,k_high,ok,span_nats,G_estrella,q_efectivo
sint_0.00,3,1.0174634027476068,154.15936928422718,1,5.020674262919347,15.170708393021377,1.738288701905319
sint_0.00,5,1.0352317759307386,154.15936928422718,1,5.003361593047211,15.122584480067745,1.7385295002444283
sint_0.00,9,1.071704829896711,154.15936928422718,1,4.96873625330294,15.02633431236315,1.7390158937460998
sint_0.00,11,1.0904204429677524,154.15936928422718,1,4.951423583430805,14.97820802100096,1.739261519680407
sint_0.00,puntual,1.0,154.15936928422718,1,5.037986932791483,15.218831549088307,1.7380494822996193
sint_0.01,3,1.0174634027476068,1.0533104453709372,0,nan,nan,nan
sint_0.01,5,1.0352317759307386,2.87505804094488,0,nan,nan,nan
sint_0.01,9,1.071704829896711,138.94954943731375,1,4.864860234070126,15.499405488087358,1.7849347154964588
sint_0.01,11,1.0904204429677524,141.376081380736,1,4.864860234070126,15.451248036921058,1.7821596161772497
sint_0.01,puntual,1.0,1.0533104453709372,0,nan,nan,nan
sint_0.03,3,1.128837891684689,1.0174634027476068,0,nan,nan,nan
sint_0.03,5,1.071704829896711,1.0352317759307386,0,nan,nan,nan
sint_0.03,9,1.071704829896711,1.7402093740624849,0,nan,nan,nan
sint_0.03,11,1.0904204429677524,11.28837891684689,1,2.337210432738317,10.0261006647757,2.071176559107614
sint_0.03,puntual,1.0,1.0,0,nan,nan,nan
sint_0.05,3,1.0904204429677524,1.0174634027476068,0,nan,nan,nan
sint_0.05,5,1.0352317759307386,1.0352317759307386,0,nan,nan,nan
sint_0.05,9,1.071704829896711,1.109462894327522,0,nan,nan,nan
sint_0.05,11,1.0904204429677524,1.128837891684689,0,nan,nan,nan
sint_0.05,puntual,1.0904204429677524,1.0,0,nan,nan,nan
sint_0.10,3,1.1890167424419895,1.0174634027476068,0,nan,nan,nan
sint_0.10,5,1.1686088553466514,1.0352317759307386,0,nan,nan,nan
sint_0.10,9,1.071704829896711,1.071704829896711,0,nan,nan,nan
sint_0.10,11,1.0904204429677524,1.128837891684689,0,nan,nan,nan
sint_0.10,puntual,1.1890167424419895,1.0,0,nan,nan,nan
dns_real,3,8.0,8.0,0,nan,nan,nan
dns_real,5,12.0,56.0,1,1.540445040947149,3.5881130177553384,1.5261947410794572
dns_real,9,20.0,56.0,0,nan,nan,nan
dns_real,11,24.0,56.0,0,nan,nan,nan
dns_real,puntual,8.0,4.0,0,nan,nan,nan
