k,E
1.000000000000000000e+00,2.404560379425513558e+06
1.093684623066646600e+00,2.368168620284269098e+06
1.196146054732432740e+00,2.328367512905145530e+06
1.308206547002697118e+00,2.284837653783572838e+06
1.430765384251964090e+00,2.237229716218051966e+06
1.564806099972414932e+00,2.185161646966724657e+06
1.711404369620719956e+00,2.128215600273778662e+06
1.871736642903248926e+00,2.065934584661268396e+06
2.047089584773670090e+00,2.627170137338107452e+06
2.238870400906849412e+00,5.115819649211609736e+06
2.448618130510879620e+00,7.837617352549976669e+06
2.678015997101947931e+00,1.081440564778925851e+07
2.928904916356893651e+00,1.407007323241724074e+07
3.203298269443837665e+00,1.227108000891903788e+07
3.503398060386724300e+00,8.253634105993665755e+06
3.831612587126474789e+00,3.859815297962084413e+06
4.190575768088836917e+00,1.503576376558622578e+06
4.583168279354463692e+00,1.293389047108879779e+06
5.012540672056796431e+00,1.058114053513978375e+06
5.482138655524671833e+00,6.046278428482189775e+05
5.995730749066594534e+00,1.086569474703138694e+05
6.557438524302001248e+00,7.184540483134429087e+04
7.171769680733940611e+00,4.262071555311771226e+04
7.843654219994302679e+00,2.982046754857579799e+04
8.578484009059581084e+00,2.138171989904190559e+04
9.382156049931584363e+00,1.348255739797983551e+04
1.026111980302188442e+01,6.689952302991770011e+03
1.122242894400968716e+01,4.855474959616098204e+03
1.227379796952146052e+01,2.766699294579039361e+03
1.342366410589225190e+01,1.979683329585110414e+03
1.468125501782603592e+01,1.137458988725634072e+03
1.605666286031638279e+01,8.044763456488426527e+02
1.756092526809334942e+01,4.563717292186684631e+02
1.920611393253622623e+01,2.614882328470652624e+02
2.100543147688095402e+01,1.774505154228750712e+02
2.297331740714480830e+01,9.123320920032691106e+01
2.512556398902360399e+01,5.656136641261517894e+01
2.747944298067219293e+01,2.978504176248627999e+01
3.005384423839786123e+01,1.744921673912823579e+01
3.286942730757587583e+01,8.887532187904433556e+00
3.594878721530266574e+01,4.627126609520953338e+00
3.931663579527138097e+01,2.587002326027932231e+00
4.300000000000001421e+01,6.695001931503363757e-01
